id,user,uid,version,changeset,timestamp
4269131,wambacher,201359,10,35915670,2015-12-12T20:13:09Z
4749363,Canley,57437,10,13501123,2012-10-15T04:34:07Z
4826924,Pizza1016,838520,14,43940259,2016-11-25T09:38:47Z
4892913,matthewsheffield,347944,9,47505552,2017-04-06T12:26:30Z
4965719,matthewsheffield,347944,8,47505552,2017-04-06T12:26:32Z
5003779,Canley,57437,12,14471136,2012-12-30T22:38:19Z
5026860,matthewsheffield,347944,12,47505552,2017-04-06T12:26:35Z
5067101,matthewsheffield,347944,15,47505552,2017-04-06T12:26:37Z
5085594,Davio,217070,10,16482845,2013-06-09T14:33:27Z
5135006,Leon K,46482,15,36435627,2016-01-07T23:01:33Z
5234957,Leon K,46482,11,36793052,2016-01-25T10:39:26Z
5596328,woodpeck_fixbot,147510,3,10394551,2012-01-15T05:49:52Z
5865177,matthewsheffield,347944,5,47505552,2017-04-06T12:26:45Z
7144210,Robert Hutton,14185,4,105011,2008-08-06T04:05:11Z
8037595,goldfishxyz,168136,7,17946621,2013-09-20T20:44:33Z
8103583,Josh Parris,1894085,12,45767888,2017-02-03T05:23:19Z
8597261,woodpeck_fixbot,147510,9,10394821,2012-01-15T07:42:09Z
8597504,woodpeck_fixbot,147510,7,10394821,2012-01-15T07:43:11Z
8649411,matthewsheffield,347944,6,18513389,2013-10-24T04:30:08Z
8708528,woodpeck_fixbot,147510,5,10394821,2012-01-15T07:58:15Z
8715799,Josh Parris,1894085,18,21240967,2014-03-22T10:40:11Z
8738510,Josh Parris,1894085,12,20496714,2014-02-11T03:17:51Z
8930775,woodpeck_fixbot,147510,8,10395278,2012-01-15T08:06:37Z
8956936,OSMF Redaction Account,722137,9,12326864,2012-07-19T12:50:58Z
9116762,Canley,57437,7,20405680,2014-02-06T04:46:34Z
9132620,mikejw,1859900,11,19694116,2013-12-29T11:07:09Z
9141608,woodpeck_fixbot,147510,7,10395278,2012-01-15T08:16:37Z
9157946,Josh Parris,1894085,4,20311424,2014-02-01T04:52:29Z
9613511,AlexOnTheBus,79475,6,14695088,2013-01-18T11:24:36Z
9701894,RichRico,2219338,25,48210289,2017-04-27T22:04:20Z
9776021,Zulu99,320632,8,11504591,2012-05-05T06:48:46Z
9866313,OSMF Redaction Account,722137,12,12326864,2012-07-19T12:50:39Z
10201831,BlueMM,14779,5,317771,2008-03-13T10:26:26Z
10300662,Rhubarb,69319,11,12751273,2012-08-16T14:01:07Z
10589430,Rhubarb,69319,31,12751273,2012-08-16T14:01:06Z
10848328,matthewsheffield,347944,7,47505552,2017-04-06T12:26:51Z
11181424,matthewsheffield,347944,9,47505552,2017-04-06T12:26:56Z
12281748,Omegaville,416301,10,21853865,2014-04-22T03:12:06Z
13078242,petersfreeman,143129,12,14082759,2012-11-29T06:55:26Z
13307479,krealm,3472625,19,45129892,2017-01-13T10:54:00Z
13402388,Omegaville,416301,11,47957419,2017-04-20T03:07:44Z
13763077,matthewsheffield,347944,37,37413376,2016-02-24T14:22:32Z
13859277,blue_whale,5690185,14,47998784,2017-04-21T10:43:46Z
13911193,Canley,57437,2,3628813,2010-01-16T01:29:01Z
14415721,OSMF Redaction Account,722137,11,12322905,2012-07-19T11:50:25Z
14781329,Neil Penman,84937,7,12603607,2012-08-03T22:11:32Z
15285589,Will E,1684523,11,48381536,2017-05-04T03:58:43Z
15763205,Ewen Hill,935037,10,30084557,2015-04-09T07:58:08Z
16188332,Canley,57437,3,4103206,2010-03-12T02:52:36Z
17036049,TuanIfan,625303,5,16950696,2013-07-14T15:33:15Z
18049505,AlexOnTheBus,79475,21,15757169,2013-04-17T01:31:07Z
19483270,BlueMM,14779,3,518940,2008-01-02T05:17:00Z
19779064,woodpeck_fixbot,147510,6,10400850,2012-01-15T20:21:25Z
19980939,blue_whale,5690185,23,47905845,2017-04-18T13:28:07Z
20558198,Canley,57437,5,13633636,2012-10-26T02:17:58Z
20803048,Rosscoe,4467,3,7827395,2011-04-10T20:38:58Z
21261871,Vadmium,1795763,15,41322165,2016-08-08T11:34:08Z
21456939,Vadmium,1795763,18,21488865,2014-04-04T06:19:46Z
22490977,ianaf4you,9001,2,675784,2008-01-21T09:15:06Z
22591162,Leon K,46482,18,28786682,2015-02-12T01:01:59Z
22597600,Omegaville,416301,6,37157850,2016-02-11T22:58:32Z
22664468,TheJimmyson,5685539,19,48547174,2017-05-10T00:58:23Z
22738984,goldfishxyz,168136,14,30050214,2015-04-07T22:06:14Z
22760907,Vadmium,1795763,2,38518700,2016-04-13T08:31:35Z
22781870,Pizza1016,838520,21,40819288,2016-07-18T13:46:46Z
22820259,AlexOnTheBus,79475,4,15269701,2013-03-06T12:27:54Z
22873762,woowoowoo,4702,2,5181092,2010-07-10T10:06:17Z
22893332,woodpeck_fixbot,147510,5,10404406,2012-01-15T23:41:40Z
22930192,gaffa,16374,2,95685,2008-02-10T11:03:20Z
22930866,bjohas,2153047,4,49071296,2017-05-29T12:01:16Z
22943927,Pizza1016,838520,7,38242955,2016-04-02T07:12:01Z
22963234,OSMF Redaction Account,722137,7,12352151,2012-07-20T00:23:11Z
23000700,woodpeck_fixbot,147510,9,10404406,2012-01-16T00:23:05Z
23023370,Rhubarb,69319,14,35582334,2015-11-25T23:14:12Z
23051916,woodpeck_fixbot,147510,10,10404406,2012-01-16T00:45:19Z
23087763,melb_guy,11111,4,8224099,2011-05-23T08:31:02Z
23143905,woodpeck_fixbot,147510,4,10404959,2012-01-16T01:23:31Z
23144083,woodpeck_fixbot,147510,4,10404959,2012-01-16T01:24:29Z
23146570,Canley,57437,2,3749094,2010-01-30T09:35:38Z
23160389,Mikideez,5302690,10,46570552,2017-03-04T11:58:15Z
23201019,rosca,5062228,6,48465127,2017-05-07T03:10:12Z
23552295,Supt_of_Printing,206929,11,46807733,2017-03-13T10:05:24Z
23730383,AlexOnTheBus,79475,10,15519286,2013-03-27T19:22:16Z
23766412,woowoowoo,4702,15,44336811,2016-12-12T04:25:33Z
23781514,OSMF Redaction Account,722137,13,12326864,2012-07-19T12:51:03Z
23782643,Leon K,46482,9,28954049,2015-02-19T11:21:18Z
23909898,steve91,637652,21,19877772,2014-01-08T08:41:11Z
24204407,woodpeck_fixbot,147510,3,10406018,2012-01-16T07:43:25Z
24474498,melb_guy,11111,4,9966742,2011-11-27T13:34:40Z
24530718,rjhunter,1895399,5,20153821,2014-01-23T04:28:22Z
24580695,Leon K,46482,13,29173546,2015-03-01T10:28:54Z
24590900,steve91,637652,11,16350230,2013-05-30T11:20:40Z
24691933,BlueMM,14779,3,48092,2008-06-04T09:01:10Z
25094723,OSMF Redaction Account,722137,5,12326680,2012-07-19T12:50:03Z
25184924,Leon K,46482,12,25928741,2014-10-07T22:21:04Z
25427851,AlexOnTheBus,79475,4,5186410,2010-07-11T01:01:06Z
25452692,Omegaville,416301,22,21853865,2014-04-22T03:12:07Z
25547328,melb_guy,11111,5,8108161,2011-05-11T05:21:26Z
25643614,ianaf4you,9001,1,540635,2008-07-19T14:57:17Z
25738043,BlueMM,14779,7,584261,2008-07-24T10:00:09Z
25797804,Ewen Hill,935037,8,40777522,2016-07-16T11:15:31Z
25927642,Robert Hutton,14185,1,25932,2008-08-02T08:48:48Z
25972728,Robert Hutton,14185,1,57120,2008-08-04T14:43:46Z
26113212,BlueMM,14779,3,124397,2008-08-07T09:26:01Z
26152600,matthewsheffield,347944,10,44342279,2016-12-12T10:43:03Z
26262108,Robert Hutton,14185,1,227396,2008-08-13T16:27:21Z
26405567,Neil Penman,84937,8,13745048,2012-11-04T11:12:36Z
26407718,matthewsheffield,347944,7,18782242,2013-11-08T13:36:04Z
26428851,OSMF Redaction Account,722137,14,12326864,2012-07-19T12:51:22Z
26431410,ianaf4you,9001,1,332578,2008-08-20T10:33:31Z
26561244,OSMF Redaction Account,722137,5,12326399,2012-07-19T12:45:21Z
26564422,Canley,57437,6,13680507,2012-10-29T22:52:05Z
26719805,Josh Parris,1894085,5,20417940,2014-02-06T19:32:57Z
26786302,Rhubarb,69319,10,42508344,2016-09-29T02:19:42Z
26833217,AlexOnTheBus,79475,4,23236623,2014-06-28T04:07:16Z
26993466,Mikideez,5302690,8,49737068,2017-06-22T06:47:37Z
27128505,Vadmium,1795763,11,26451624,2014-10-31T00:03:18Z
27210894,woodpeck_fixbot,147510,5,10414499,2012-01-17T05:43:34Z
27373013,gaffa,16374,2,711943,2008-09-28T07:40:35Z
27462458,Leon K,46482,13,25916029,2014-10-07T12:17:14Z
27508819,Joedam,5201728,3,45531996,2017-01-26T22:05:06Z
27550332,AlexOnTheBus,79475,14,15743983,2013-04-16T02:04:23Z
27553142,Hotwheelz,3007,8,2130374,2009-08-13T12:49:14Z
27596519,OSMF Redaction Account,722137,6,12322502,2012-07-19T11:46:37Z
27612920,OSMF Redaction Account,722137,7,12326680,2012-07-19T12:48:07Z
27630751,Rosscoe,4467,2,7503660,2011-03-09T12:57:10Z
27698733,skipperoo,2056092,12,33501950,2015-08-22T10:28:25Z
27749757,TheJimmyson,5685539,6,48932285,2017-05-24T02:07:43Z
27787494,woodpeck_fixbot,147510,4,10414499,2012-01-17T08:15:24Z
27829083,melb_guy,11111,1,434086,2008-10-19T04:54:28Z
27863404,woodpeck_fixbot,147510,3,10415418,2012-01-17T08:42:13Z
27909231,OSMF Redaction Account,722137,5,12326864,2012-07-19T12:50:35Z
27945487,matthewsheffield,347944,5,47505552,2017-04-06T12:27:16Z
28017585,Supt_of_Printing,206929,10,43278744,2016-10-30T07:53:17Z
28160164,matthewsheffield,347944,10,47505552,2017-04-06T12:27:18Z
28315862,Beager,1038504,2,15942594,2013-05-02T07:15:22Z
28375565,Leon K,46482,3,29111313,2015-02-26T11:42:48Z
28409926,woodpeck_fixbot,147510,4,10417024,2012-01-17T15:29:38Z
28500803,Pizza1016,838520,5,40952528,2016-07-22T15:02:16Z
28615551,Mikideez,5302690,11,49037213,2017-05-28T04:46:27Z
28755568,nickbarker,288568,2,9033208,2011-08-16T05:09:25Z
28905208,ianaf4you,9001,1,299894,2008-12-10T10:53:42Z
29058720,Leon K,46482,9,30297732,2015-04-17T23:19:08Z
29064274,OSMF Redaction Account,722137,5,12326680,2012-07-19T12:49:06Z
29083945,AlexOnTheBus,79475,29,18592640,2013-10-28T21:53:29Z
29131153,woodpeck_fixbot,147510,3,10423581,2012-01-18T00:41:27Z
29132259,OSMF Redaction Account,722137,5,12326680,2012-07-19T12:49:44Z
29196786,woodpeck_fixbot,147510,3,10423581,2012-01-18T00:49:15Z
29232800,Deedend,5338822,4,47370429,2017-04-02T00:23:42Z
29390913,andlus,79396,2,693309,2008-12-30T23:45:42Z
30031766,Zulu99,320632,3,10029540,2011-12-04T00:27:48Z
30105503,OSMF Redaction Account,722137,6,12322502,2012-07-19T11:46:50Z
30199736,melb_guy,11111,4,9977360,2011-11-28T12:31:02Z
30836699,Canley,57437,7,16040261,2013-05-09T00:28:34Z
30994947,stevage,201443,11,21563734,2014-04-08T03:25:44Z
31400796,stevage,201443,2,9276497,2011-09-12T02:07:45Z
31804922,rjhunter,1895399,6,24134367,2014-07-14T07:47:14Z
31831309,woodpeck_fixbot,147510,5,10425524,2012-01-18T10:19:37Z
32217070,Canley,57437,4,3384551,2009-12-16T05:34:48Z
32296374,woowoowoo,4702,2,857463,2009-03-25T03:17:19Z
32452824,OSMF Redaction Account,722137,7,12322681,2012-07-19T11:49:31Z
32653443,Rosscoe,4467,2,7877170,2011-04-16T10:45:19Z
32710391,Canley,57437,3,4457111,2010-04-18T12:14:01Z
32746102,Neil Penman,84937,1,86893,2009-04-02T10:59:57Z
32782269,melb_guy,11111,2,8158817,2011-05-16T04:58:12Z
32869689,Rosscoe,4467,2,7827395,2011-04-10T20:39:09Z
32921208,Leon K,46482,11,28484639,2015-01-29T12:09:53Z
33066958,Canley,57437,14,35004123,2015-11-01T01:51:00Z
33111348,Leon K,46482,6,31920438,2015-06-12T12:58:49Z
33270869,Leon K,46482,3,26063809,2014-10-14T03:59:14Z
33411116,woodpeck_fixbot,147510,3,10429293,2012-01-18T19:45:11Z
33657112,Neil Penman,84937,1,965274,2009-04-26T02:03:32Z
33803199,OSMF Redaction Account,722137,6,12322905,2012-07-19T11:50:53Z
33869160,stevage,201443,2,3977878,2010-02-26T06:56:32Z
34229414,matthewsheffield,347944,8,47505552,2017-04-06T12:27:45Z
34586435,wanderlustig,3327036,8,41028434,2016-07-26T05:23:18Z
35358186,Vadmium,1795763,2,34703260,2015-10-17T23:51:07Z
35893049,melb_guy,11111,2,9536072,2011-10-12T06:59:34Z
36774841,Canley,57437,15,24399776,2014-07-28T11:04:00Z
37523964,woowoowoo,4702,4,3234781,2009-11-28T10:55:09Z
37692172,woodpeck_repair,145231,5,27888534,2015-01-03T15:57:55Z
37793372,Canley,57437,10,44030977,2016-11-29T10:26:46Z
37868019,woodpeck_fixbot,147510,3,10433378,2012-01-19T01:57:54Z
38093856,Canley,57437,1,1939839,2009-07-26T02:03:06Z
38101267,OSMF Redaction Account,722137,5,12322905,2012-07-19T11:51:33Z
38313136,melb_guy,11111,1,1990539,2009-07-31T04:06:16Z
38346807,TheSwavu,2622285,4,47525578,2017-04-07T02:44:59Z
38655583,samuelbryant,824036,2,13732425,2012-11-03T10:26:54Z
39084375,Ewen Hill,935037,9,46865921,2017-03-15T11:19:17Z
39306734,OSMF Redaction Account,722137,5,12322246,2012-07-19T11:43:07Z
39418095,Neil Penman,84937,1,2229509,2009-08-22T00:30:00Z
39561077,woodpeck_fixbot,147510,3,10433650,2012-01-19T03:49:32Z
39798987,Canley,57437,3,21877737,2014-04-23T04:55:48Z
40414674,petdr,467,1,2409129,2009-09-08T00:39:33Z
40721207,Leon K,46482,8,15848754,2013-04-24T13:00:52Z
41106872,petdr,467,1,2530158,2009-09-19T05:33:14Z
41382166,Canley,57437,1,2593678,2009-09-23T11:25:52Z
41746552,AlexOnTheBus,79475,9,23975353,2014-07-06T00:10:30Z
41841153,woodpeck_fixbot,147510,3,10433866,2012-01-19T05:19:42Z
41889438,Leon K,46482,2,29530474,2015-03-17T00:01:05Z
42186168,Neil Penman,84937,2,2780144,2009-10-08T09:09:11Z
42393338,melb_guy,11111,4,2821918,2009-10-12T05:34:42Z
42555576,Ewen Hill,935037,3,34983133,2015-10-30T23:44:32Z
42653141,Leon K,46482,2,29110976,2015-02-26T11:17:14Z
42863542,Supt_of_Printing,206929,3,43319840,2016-11-01T07:17:38Z
43194122,Canley,57437,1,2962375,2009-10-27T03:05:43Z
43407361,xybot,70696,2,3261847,2009-12-01T14:32:48Z
43537794,Leon K,46482,7,30297732,2015-04-17T23:19:12Z
43678457,Neil Penman,84937,1,3022149,2009-11-03T04:54:54Z
43747994,woodpeck_fixbot,147510,3,10434386,2012-01-19T07:55:50Z
43981332,OSMF Redaction Account,722137,6,12322905,2012-07-19T11:51:35Z
44082116,maAjteGospodjoMolimVas,2669168,2,29320971,2015-03-08T02:33:46Z
44159831,melb_guy,11111,2,3094682,2009-11-12T01:03:23Z
44558577,H3g3m0n,20937,1,3138659,2009-11-17T06:46:17Z
44704590,petdr,467,1,3165025,2009-11-19T22:59:36Z
44876561,woodpeck_fixbot,147510,3,10434386,2012-01-19T10:20:19Z
44980884,petdr,467,1,3208700,2009-11-24T23:06:32Z
45067045,melb_guy,11111,5,4556555,2010-04-29T10:51:02Z
45098587,Canley,57437,2,16074265,2013-05-11T04:16:11Z
45105132,Vadmium,1795763,4,26813824,2014-11-16T03:26:45Z
45147891,melb_guy,11111,2,4340216,2010-04-06T03:40:15Z
45172777,woowoowoo,4702,1,3234781,2009-11-28T11:10:05Z
45307134,petdr,467,1,3252873,2009-11-30T04:34:05Z
45366081,steve91,637652,9,16572348,2013-06-16T08:33:19Z
45367826,FvGordon,161619,7,42584628,2016-10-02T15:01:28Z
45369133,woowoowoo,4702,5,30570321,2015-04-28T06:13:52Z
45382086,stevage,201443,2,3263438,2009-12-01T12:24:59Z
45414901,Canley,57437,1,3269172,2009-12-02T02:46:56Z
45416283,woowoowoo,4702,2,30570321,2015-04-28T06:13:53Z
45420946,stevage,201443,1,3270794,2009-12-02T11:33:53Z
45421467,Rhubarb,69319,3,11546505,2012-05-09T07:20:54Z
45425801,stevage,201443,1,3272420,2009-12-02T14:22:04Z
45476040,stevage,201443,6,3278659,2009-12-03T08:27:32Z
45476775,stevage,201443,1,3278659,2009-12-03T08:42:53Z
45478476,stevage,201443,1,3278659,2009-12-03T09:29:09Z
45479304,Vadmium,1795763,6,26132426,2014-10-16T22:07:41Z
45482270,Pizza1016,838520,14,36810903,2016-01-26T07:44:20Z
45483600,Leon K,46482,1,3279683,2009-12-03T12:08:40Z
45513296,AlexOnTheBus,79475,4,27544285,2014-12-18T04:58:55Z
45525401,AlexOnTheBus,79475,8,27814193,2014-12-31T02:40:57Z
45536255,nickbarker,288568,3,18054570,2013-09-27T01:07:15Z
45545244,Tony Allan,3709764,4,37794310,2016-03-13T05:01:07Z
45626999,AlexOnTheBus,79475,7,25801606,2014-10-02T02:32:59Z
45638624,Leon K,46482,1,3293609,2009-12-05T08:53:06Z
45640190,AlexOnTheBus,79475,4,14855298,2013-01-31T05:26:21Z
45685515,Leon K,46482,1,3298814,2009-12-05T22:04:26Z
45737064,melb_guy,11111,2,3305606,2009-12-06T14:33:44Z
45764766,Neil Penman,84937,2,3323056,2009-12-08T08:20:58Z
45766042,stevage,201443,1,3314354,2009-12-07T10:17:37Z
45775906,stevage,201443,1,3317178,2009-12-07T16:49:42Z
45792909,stevage,201443,1,3321292,2009-12-08T02:05:16Z
45814244,Omegaville,416301,3,48749725,2017-05-17T03:03:16Z
45821420,stevage,201443,2,3943058,2010-02-22T12:42:06Z
45975587,petdr,467,1,3345904,2009-12-10T23:48:49Z
46099210,krealm,3472625,16,45129892,2017-01-13T10:54:14Z
46136877,Ewen Hill,935037,15,24378211,2014-07-27T06:04:41Z
46188830,Leon K,46482,5,25952530,2014-10-09T03:04:04Z
46218297,monena41,4633898,22,47822353,2017-04-15T19:07:37Z
46276845,melb_guy,11111,2,3376569,2009-12-15T01:37:20Z
46297669,blue_whale,5690185,6,47998798,2017-04-21T10:39:26Z
46414274,Leon K,46482,3,26224775,2014-10-20T22:57:26Z
46509273,Canley,57437,1,3392533,2009-12-17T10:28:39Z
46751453,Leon K,46482,4,25972506,2014-10-09T23:51:33Z
46829235,Leon K,46482,16,28430916,2015-01-26T23:07:17Z
46957541,stevage,201443,1,3448484,2009-12-25T14:52:24Z
46985001,Pizza1016,838520,5,40819288,2016-07-18T13:46:30Z
47174962,ekaz137,2308680,2,25219970,2014-09-04T06:59:33Z
47874097,Canley,57437,1,3567425,2010-01-08T02:44:19Z
48208435,Canley,57437,1,3607601,2010-01-13T03:06:16Z
48528797,stevage,201443,1,3655565,2010-01-19T01:12:41Z
48529080,Canley,57437,2,3749302,2010-01-30T10:02:03Z
48530770,stevage,201443,1,3655793,2010-01-19T02:31:45Z
48531668,melb_guy,11111,2,4300129,2010-04-02T04:43:58Z
48663505,markus_g,223157,2,6019808,2010-10-12T11:14:12Z
49121836,TuanIfan,625303,3,17993039,2013-09-23T15:24:07Z
49251035,Vadmium,1795763,8,21524628,2014-04-06T02:56:52Z
49455217,Leon K,46482,1,3787347,2010-02-03T23:41:36Z
49958011,Pizza1016,838520,12,36476921,2016-01-10T07:55:53Z
49961526,piligab,3877019,7,42181309,2016-09-15T17:53:04Z
50126719,Leon K,46482,2,3855107,2010-02-12T10:48:06Z
50339679,stevage,201443,2,3958442,2010-02-23T21:24:18Z
50596277,Leon K,46482,1,3905363,2010-02-17T22:53:34Z
50999929,Canley,57437,2,13707186,2012-11-01T05:54:04Z
51335855,melb_guy,11111,4,4474607,2010-04-20T07:03:58Z
51653227,Canley,57437,1,4022014,2010-03-03T03:47:58Z
52013567,Leon K,46482,1,4077932,2010-03-09T03:18:50Z
52055729,Leon K,46482,3,25915776,2014-10-07T11:56:04Z
52994037,Leon K,46482,9,28809726,2015-02-12T22:19:08Z
54017181,melb_guy,11111,5,4300129,2010-04-02T04:26:41Z
54035158,Vadmium,1795763,3,26290723,2014-10-24T01:20:32Z
54454461,AlexOnTheBus,79475,3,14703129,2013-01-19T01:33:40Z
54838458,OSMF Redaction Account,722137,6,12326864,2012-07-19T12:50:46Z
54923014,Josh Parris,1894085,4,46295660,2017-02-22T06:02:36Z
55949441,Vadmium,1795763,5,27215533,2014-12-03T23:55:19Z
55952718,matthewsheffield,347944,14,47505552,2017-04-06T12:27:53Z
56724465,steve91,637652,3,16573692,2013-06-16T10:27:02Z
57006804,Canley,57437,1,4554992,2010-04-29T03:29:22Z
57018929,melb_guy,11111,2,4556555,2010-04-29T11:15:42Z
58361468,ekaz137,2308680,8,25205428,2014-09-03T13:57:20Z
58671173,Leon K,46482,1,4643989,2010-05-08T23:27:06Z
60049381,stevage,201443,2,9061964,2011-08-19T03:09:49Z
60116687,melb_guy,11111,2,4789752,2010-05-24T05:20:29Z
60793348,melb_guy,11111,5,4872675,2010-06-01T08:37:11Z
61511990,melb_guy,11111,2,4941863,2010-06-09T03:06:35Z
61532929,Neil Penman,84937,1,4942820,2010-06-09T07:19:37Z
61849616,null_dev,434542,3,8241403,2011-05-25T04:57:37Z
62106235,OSMF Redaction Account,722137,6,12322681,2012-07-19T11:48:33Z
62259757,melb_guy,11111,4,5029421,2010-06-20T03:53:46Z
62262076,KenS,211804,9,17289701,2013-08-10T10:44:07Z
62344542,blue_whale,5690185,7,47905845,2017-04-18T13:26:15Z
62671454,RichRico,2219338,19,47000710,2017-03-20T03:51:52Z
66210637,Leon K,46482,2,27944129,2015-01-05T22:28:37Z
67760047,Pizza1016,838520,4,36810903,2016-01-26T07:44:21Z
68853475,Supt_of_Printing,206929,3,9501881,2011-10-08T12:04:59Z
69025363,Vadmium,1795763,6,24899485,2014-08-21T01:21:53Z
70647281,Hairy Calf,3416834,3,36543278,2016-01-13T06:08:10Z
70812076,Pizza1016,838520,7,36584420,2016-01-15T03:43:17Z
71079934,Pizza1016,838520,18,36755929,2016-01-23T11:11:05Z
71194448,Neil Penman,84937,1,5414502,2010-08-06T08:10:34Z
73346759,Neil Penman,84937,1,5541898,2010-08-20T08:41:05Z
74318054,Mikideez,5302690,4,48082258,2017-04-24T07:44:59Z
76562590,matthewsheffield,347944,6,21708720,2014-04-15T12:25:21Z
83346972,Mikideez,5302690,8,47165948,2017-03-26T01:48:43Z
85620195,Neil Penman,84937,1,6396950,2010-11-17T23:21:18Z
87098003,woowoowoo,4702,2,26676350,2014-11-09T22:09:12Z
87469500,Canley,57437,5,29742816,2015-03-26T02:12:33Z
88795781,Neil Penman,84937,1,6602583,2010-12-10T07:35:33Z
89892142,Neil Penman,84937,1,6682306,2010-12-16T22:47:51Z
91815250,Canley,57437,2,6773779,2010-12-27T00:43:49Z
92809884,Rudi Heitbaum,371324,1,6824656,2011-01-01T01:22:35Z
93310391,tiger,338866,3,9989100,2011-11-29T16:34:43Z
93321851,Rudi Heitbaum,371324,1,6860051,2011-01-04T12:34:55Z
93324569,Rudi Heitbaum,371324,1,6860406,2011-01-04T13:14:52Z
93332511,Rudi Heitbaum,371324,3,6997550,2011-01-17T09:59:10Z
93494875,tiger,338866,2,9989100,2011-11-29T17:11:05Z
93507308,Rudi Heitbaum,371324,1,6875518,2011-01-05T19:47:29Z
93509987,Rudi Heitbaum,371324,1,6875635,2011-01-05T19:59:58Z
93518246,Rudi Heitbaum,371324,1,6876072,2011-01-05T20:46:11Z
95346823,Rudi Heitbaum,371324,1,6984419,2011-01-16T06:27:28Z
95383132,Josh Parris,1894085,2,20997448,2014-03-09T00:04:50Z
95497622,Rudi Heitbaum,371324,1,6997550,2011-01-17T09:59:11Z
95639531,Rudi Heitbaum,371324,1,7010017,2011-01-18T12:44:04Z
95643809,Rudi Heitbaum,371324,1,7010500,2011-01-18T13:36:09Z
97793254,KenS,211804,3,17289957,2013-08-10T11:14:07Z
98110061,Rudi Heitbaum,371324,1,7181448,2011-02-04T09:53:22Z
103372643,aharvey,237525,4,40275291,2016-06-25T04:20:02Z
105729026,melb_guy,11111,1,7665620,2011-03-25T13:41:19Z
106475344,melb_guy,11111,1,7712840,2011-03-30T04:24:34Z
108985557,Canley,57437,2,9628961,2011-10-23T01:13:45Z
109588384,null_dev,434542,1,7927090,2011-04-21T16:45:32Z
111662829,null_dev,434542,1,8045251,2011-05-04T01:55:10Z
111667609,null_dev,434542,1,8045734,2011-05-04T05:33:49Z
112276924,Supt_of_Printing,206929,2,40154759,2016-06-20T11:07:17Z
112444763,Leon K,46482,3,28953727,2015-02-19T11:02:00Z
112554293,Rhubarb,69319,3,24780552,2014-08-16T05:58:23Z
112651741,Vadmium,1795763,3,34703911,2015-10-18T01:58:03Z
112933971,Rooburb,452656,1,8128229,2011-05-13T05:37:22Z
113112486,stevage,201443,2,17896799,2013-09-18T02:02:08Z
113543744,null_dev,434542,1,8159147,2011-05-16T05:53:21Z
113549286,melb_guy,11111,3,8224099,2011-05-23T08:31:08Z
113662387,null_dev,434542,1,8168324,2011-05-17T05:29:43Z
114504371,melb_guy,11111,1,8223094,2011-05-23T05:27:02Z
114671249,null_dev,434542,1,8235216,2011-05-24T12:55:25Z
114768930,null_dev,434542,1,8241403,2011-05-25T04:57:23Z
114769994,melb_guy,11111,1,8241549,2011-05-25T05:38:03Z
115457787,null_dev,434542,2,8287567,2011-05-30T01:13:28Z
115750490,null_dev,434542,1,8302484,2011-05-31T15:16:31Z
116435099,woowoowoo,4702,2,9606858,2011-10-20T10:14:36Z
116678285,null_dev,434542,1,8367033,2011-06-07T06:31:40Z
117755353,null_dev,434542,1,8443820,2011-06-15T04:28:39Z
117759879,null_dev,434542,2,8444510,2011-06-15T07:15:13Z
117892554,null_dev,434542,1,8452421,2011-06-16T01:10:44Z
117904620,null_dev,434542,1,8453006,2011-06-16T05:36:40Z
117907086,gaffa,16374,2,14596354,2013-01-10T10:46:04Z
117929168,null_dev,434542,1,8455384,2011-06-16T11:48:38Z
117929220,null_dev,434542,1,8455384,2011-06-16T11:48:42Z
117929272,null_dev,434542,1,8455384,2011-06-16T11:48:47Z
117929322,null_dev,434542,1,8455384,2011-06-16T11:48:51Z
118133890,null_dev,434542,1,8470525,2011-06-18T06:47:13Z
120422221,Rudi Heitbaum,371324,2,8639259,2011-07-05T13:42:41Z
121296224,matthewsheffield,347944,2,18782242,2013-11-08T13:36:01Z
122629989,pringle,472067,1,8795692,2011-07-22T08:58:55Z
124307716,ekaz137,2308680,2,25219970,2014-09-04T06:59:28Z
127139510,Zulu99,320632,1,9090511,2011-08-22T03:49:36Z
128893281,emexes,38690,1,9209585,2011-09-04T15:23:34Z
129041541,emexes,38690,1,9222458,2011-09-05T22:00:13Z
129319509,emexes,38690,1,9246115,2011-09-08T14:26:30Z
129734714,nickbarker,288568,1,9277170,2011-09-12T05:48:04Z
129895560,nickbarker,288568,1,9295149,2011-09-13T23:44:33Z
131317554,Vadmium,1795763,3,21876522,2014-04-23T01:51:01Z
131709235,AlexOnTheBus,79475,3,15158473,2013-02-25T09:47:36Z
131724934,AlexOnTheBus,79475,3,15158473,2013-02-25T09:47:35Z
132394472,nickbarker,288568,1,9482710,2011-10-06T02:55:09Z
132503304,nickbarker,288568,1,9490548,2011-10-07T03:55:34Z
132503428,Hr T,2904405,2,40490048,2016-07-05T01:10:47Z
132600977,melb_guy,11111,1,9499272,2011-10-08T05:38:49Z
132924149,Pizza1016,838520,3,38996270,2016-04-30T10:04:12Z
132996757,melb_guy,11111,2,9536072,2011-10-12T06:59:29Z
132999788,melb_guy,11111,1,9536072,2011-10-12T06:59:11Z
133247010,nickbarker,288568,1,9552555,2011-10-14T05:32:42Z
134621262,Supt_of_Printing,206929,15,42949772,2016-10-17T03:12:20Z
135952929,Pizza1016,838520,11,36476921,2016-01-10T07:56:01Z
135984687,woowoowoo,4702,7,41628390,2016-08-23T03:27:28Z
136397574,Vadmium,1795763,4,34244010,2015-09-25T13:07:14Z
138568066,melb_guy,11111,1,9966742,2011-11-27T13:34:19Z
140226681,Pizza1016,838520,4,42580103,2016-10-02T11:20:07Z
141175971,melb_guy,11111,1,10113360,2011-12-14T06:51:52Z
142578862,melb_guy,11111,1,10192669,2011-12-24T09:31:47Z
144353450,woowoowoo,4702,1,10307679,2012-01-06T03:35:00Z
145092096,melb_guy,11111,1,10358343,2012-01-11T08:28:40Z
145357577,TuanIfan,625303,4,36562751,2016-01-14T01:47:27Z
146617251,KenS,211804,1,10445891,2012-01-20T12:35:10Z
147523395,matthewsheffield,347944,4,47505552,2017-04-06T12:28:31Z
149342873,matthewsheffield,347944,5,47505552,2017-04-06T12:28:32Z
149984956,gaffa,16374,1,10659556,2012-02-12T04:27:01Z
153111710,Supt_of_Printing,206929,2,16193492,2013-05-19T13:18:21Z
154262336,Scrup,378737,1,10928692,2012-03-10T07:22:32Z
154296930,Larifari77,423330,1,10930569,2012-03-10T11:29:39Z
154297017,Canley,57437,2,16868031,2013-07-08T03:05:13Z
154418910,dssis1,596935,2,12063256,2012-06-30T07:40:13Z
154649497,gaffa,16374,1,10951214,2012-03-12T05:50:15Z
154653310,gaffa,16374,1,10951336,2012-03-12T06:47:10Z
154881942,Scrup,378737,1,10967707,2012-03-13T15:07:24Z
156529907,KenS,211804,1,11078261,2012-03-23T20:45:30Z
156581997,Leon K,46482,2,36828402,2016-01-27T00:32:49Z
156890697,goldfishxyz,168136,5,30050214,2015-04-07T22:07:45Z
159486647,steve91,637652,1,11297136,2012-04-14T10:44:46Z
160840323,stevage,201443,1,11400776,2012-04-23T23:35:47Z
161547290,KenS,211804,3,17289844,2013-08-10T11:00:17Z
161622436,emexes,38690,1,11456012,2012-04-30T03:28:56Z
164326504,Vadmium,1795763,3,33807294,2015-09-05T03:11:53Z
165178817,melb_guy,11111,1,11713894,2012-05-27T10:32:38Z
165196412,melb_guy,11111,1,11716018,2012-05-27T14:04:04Z
166700414,AlexOnTheBus,79475,3,15731854,2013-04-15T02:20:57Z
166819507,melb_guy,11111,1,11853785,2012-06-10T12:34:33Z
168117460,adjuva,92274,2,12149470,2012-07-08T14:10:18Z
169532838,dssis1,596935,1,12063652,2012-06-30T08:45:52Z
170548293,steve91,637652,2,16350230,2013-05-30T11:21:21Z
172405813,sabamacx,5685243,3,48491260,2017-05-08T05:57:55Z
172516955,John Berkers,400269,1,12432453,2012-07-22T12:59:47Z
173711327,emexes,38690,1,12555965,2012-07-31T02:15:13Z
175516631,Neil Penman,84937,1,12686383,2012-08-11T00:17:27Z
177480154,samuelbryant,824036,1,12831410,2012-08-23T11:11:15Z
178114789,nickbarker,288568,1,12874758,2012-08-27T06:04:35Z
178487444,TheSwavu,2622285,3,44699255,2016-12-27T06:56:36Z
178636572,TheSwavu,2622285,4,44699255,2016-12-27T06:56:57Z
179583727,TheSwavu,2622285,4,44699255,2016-12-27T06:57:29Z
180072711,andrewpmk,1679,2,36303191,2016-01-01T18:12:38Z
182104319,wanderlustig,3327036,4,40911725,2016-07-21T05:33:27Z
184240276,matthewsheffield,347944,3,47505552,2017-04-06T12:28:40Z
185735563,gaffa,16374,1,13487267,2012-10-14T03:39:29Z
186578968,Canley,57437,2,20080450,2014-01-19T08:29:45Z
187589642,Canley,57437,1,13622947,2012-10-25T02:49:39Z
188003516,Canley,57437,1,13656094,2012-10-28T01:43:44Z
188862606,Neil Penman,84937,1,13731675,2012-11-03T08:55:46Z
189295685,woowoowoo,4702,1,13767044,2012-11-05T22:33:04Z
190527942,Canley,57437,7,34941087,2015-10-29T04:48:27Z
191519697,Vadmium,1795763,2,24495523,2014-08-02T10:28:10Z
192584408,gaffa,16374,1,14023956,2012-11-25T07:29:27Z
194857331,Payamarnuwa,1221113,2,19048108,2013-11-22T07:23:34Z
196467079,gaffa,16374,1,14278341,2012-12-15T05:09:45Z
196615751,Neil Penman,84937,1,14288506,2012-12-16T03:48:27Z
197846481,AlexOnTheBus,79475,3,14483674,2013-01-01T05:01:40Z
198538935,Leon K,46482,4,28197063,2015-01-16T22:11:57Z
198722236,Canley,57437,1,14461830,2012-12-30T10:45:04Z
198878202,Canley,57437,1,14474439,2012-12-31T08:05:23Z
198994039,AlexOnTheBus,79475,1,14483510,2013-01-01T04:17:39Z
199007529,Nellie Barton,3719780,3,47346156,2017-04-01T06:19:51Z
199310502,Vadmium,1795763,4,26835924,2014-11-17T03:31:30Z
199765936,AlexOnTheBus,79475,2,16586826,2013-06-17T09:23:32Z
200223101,Canley,57437,1,14580650,2013-01-08T22:15:04Z
200370904,AlexOnTheBus,79475,1,14593268,2013-01-10T01:26:37Z
200535600,Canley,57437,1,14605984,2013-01-11T05:09:06Z
201365171,AlexOnTheBus,79475,1,14668800,2013-01-16T06:02:37Z
201700023,stevage,201443,1,14691214,2013-01-18T00:01:08Z
201852218,matthewsheffield,347944,2,16900618,2013-07-10T14:28:10Z
202233677,awins,1206112,1,14729106,2013-01-21T04:17:35Z
202939650,AlexOnTheBus,79475,1,14790475,2013-01-26T10:31:34Z
204346937,AlexOnTheBus,79475,3,23960687,2014-07-05T02:48:47Z
205279718,steve91,637652,1,15012180,2013-02-12T22:02:17Z
206507244,Leon K,46482,1,15110719,2013-02-21T11:14:19Z
207277354,AlexOnTheBus,79475,1,15169862,2013-02-26T07:24:19Z
207460361,AlexOnTheBus,79475,1,15184908,2013-02-27T12:39:11Z
207780966,Leon K,46482,3,29343874,2015-03-09T05:25:59Z
207979911,Pizza1016,838520,2,36332451,2016-01-03T07:51:54Z
208506442,Pizza1016,838520,6,41103266,2016-07-29T08:58:48Z
208659265,Pizza1016,838520,7,40496230,2016-07-05T10:22:16Z
208800815,Pizza1016,838520,2,36568171,2016-01-14T11:35:14Z
209288673,gaffa,16374,1,15322609,2013-03-10T23:11:59Z
209751207,Pizza1016,838520,2,40629698,2016-07-10T12:36:15Z
210336470,stevage,201443,1,15380345,2013-03-16T05:52:49Z
210689547,Pizza1016,838520,3,43097557,2016-10-23T10:58:53Z
211058315,AlexOnTheBus,79475,1,15427099,2013-03-20T02:16:40Z
212255757,Pizza1016,838520,3,41082397,2016-07-28T10:08:45Z
213132190,Mikideez,5302690,3,48227289,2017-04-28T12:39:24Z
213480511,AlexOnTheBus,79475,1,15525683,2013-03-28T11:17:46Z
214389888,Pizza1016,838520,2,40496230,2016-07-05T10:21:59Z
215504485,amtra5,5685880,3,47868877,2017-04-17T12:21:54Z
216906045,Pizza1016,838520,3,36335275,2016-01-03T11:00:28Z
217272668,Leon K,46482,5,28877320,2015-02-16T05:10:46Z
217384624,AlexOnTheBus,79475,1,15720224,2013-04-14T05:47:39Z
217532539,Leon K,46482,3,28953415,2015-02-19T10:57:20Z
217604211,Pizza1016,838520,2,36755929,2016-01-23T11:11:08Z
217628212,AlexOnTheBus,79475,1,15747787,2013-04-16T10:29:04Z
217711700,Canley,57437,1,15757679,2013-04-17T03:36:33Z
217848540,Leon K,46482,3,28787736,2015-02-12T04:00:38Z
218195425,AlexOnTheBus,79475,1,15806330,2013-04-21T05:55:55Z
218671091,Pizza1016,838520,2,36568171,2016-01-14T11:35:11Z
220219542,Canley,57437,1,15996379,2013-05-06T11:32:57Z
221297390,Canley,57437,1,16119490,2013-05-14T02:59:09Z
222254268,nickbarker,288568,1,16202962,2013-05-20T05:57:06Z
222719861,Canley,57437,1,16246816,2013-05-23T03:43:14Z
222886574,Canley,57437,1,16265279,2013-05-24T12:48:33Z
223283979,matthewsheffield,347944,1,16310367,2013-05-27T14:21:46Z
223619514,nickbarker,288568,1,16346231,2013-05-30T03:12:41Z
223622954,nickbarker,288568,1,16346332,2013-05-30T03:57:58Z
223623479,nickbarker,288568,1,16346332,2013-05-30T04:07:01Z
224439421,nickbarker,288568,1,16426599,2013-06-05T01:15:33Z
225365678,Canley,57437,1,16518532,2013-06-12T03:30:22Z
225791897,Josh Parris,1894085,2,46104148,2017-02-15T11:44:32Z
226332009,Canley,57437,1,16612175,2013-06-19T03:52:19Z
227074434,blue_whale,5690185,2,47905976,2017-04-18T13:41:32Z
227167964,TuanIfan,625303,1,16685803,2013-06-24T15:20:25Z
228168594,Canley,57437,1,16772524,2013-07-01T03:31:15Z
229126667,TuanIfan,625303,1,16868154,2013-07-08T03:46:50Z
230778304,stevage,201443,1,17043267,2013-07-22T02:45:56Z
231082641,kimo,28961,1,17073762,2013-07-24T10:55:14Z
231330355,Supt_of_Printing,206929,1,17100677,2013-07-26T11:53:05Z
231561503,Canley,57437,1,17124838,2013-07-28T12:42:34Z
231906522,Supt_of_Printing,206929,2,20986451,2014-03-08T12:40:51Z
233380779,Canley,57437,2,21277867,2014-03-24T04:57:27Z
233621969,wasgij,1379877,3,49158967,2017-06-01T09:22:48Z
233925177,wasgij,1379877,2,49158967,2017-06-01T09:22:49Z
234059839,Canley,57437,2,37968187,2016-03-21T04:48:21Z
234949709,Rhubarb,69319,1,17492927,2013-08-25T03:50:29Z
235754756,wasgij,1379877,2,45880557,2017-02-07T10:05:28Z
236355042,Canley,57437,1,17646665,2013-09-03T03:10:28Z
237063317,om_henners,271781,1,17726951,2013-09-08T05:27:58Z
237375010,matthewsheffield,347944,1,17766985,2013-09-10T13:02:52Z
237761399,matthewsheffield,347944,1,17811126,2013-09-13T04:53:01Z
238143780,nickbarker,288568,3,17860368,2013-09-16T02:01:25Z
238620397,TuanIfan,625303,1,17928401,2013-09-19T19:12:41Z
238687813,TuanIfan,625303,1,17933334,2013-09-20T04:18:03Z
239069810,TuanIfan,625303,1,17992162,2013-09-23T14:30:47Z
239151256,stevage,201443,1,18002519,2013-09-24T04:17:22Z
239328765,TuanIfan,625303,1,18030465,2013-09-25T16:13:27Z
239521595,nickbarker,288568,1,18054540,2013-09-27T01:01:36Z
240145724,TuanIfan,625303,1,18129104,2013-10-01T15:27:58Z
240456004,nickbarker,288568,1,18171869,2013-10-04T04:01:24Z
240807548,matthewsheffield,347944,1,18212300,2013-10-06T13:22:33Z
240897097,Canley,57437,1,18223530,2013-10-07T05:36:38Z
242554081,stevage,201443,1,18413001,2013-10-18T03:02:11Z
243249425,matthewsheffield,347944,1,18513196,2013-10-24T04:02:51Z
243251544,matthewsheffield,347944,1,18513389,2013-10-24T04:30:06Z
243299056,matthewsheffield,347944,1,18520600,2013-10-24T14:12:05Z
243524413,Angyork,633429,1,18548515,2013-10-26T09:06:00Z
244159622,matthewsheffield,347944,1,18635653,2013-10-31T14:07:53Z
244159672,matthewsheffield,347944,1,18635653,2013-10-31T14:07:57Z
244282146,matthewsheffield,347944,1,18651393,2013-11-01T13:21:32Z
245014687,Canley,57437,1,18758073,2013-11-07T02:05:09Z
245189018,matthewsheffield,347944,1,18782242,2013-11-08T13:35:55Z
245189078,matthewsheffield,347944,1,18782242,2013-11-08T13:36:00Z
245397164,matthewsheffield,347944,1,18810305,2013-11-10T05:02:06Z
247560573,Canley,57437,1,19047715,2013-11-22T01:04:27Z
247766424,matthewsheffield,347944,1,19065025,2013-11-23T00:40:17Z
249663260,om_henners,271781,1,19245702,2013-12-03T05:06:17Z
249824534,om_henners,271781,1,19263699,2013-12-03T23:00:55Z
250234914,stevage,201443,1,19297723,2013-12-05T22:27:16Z
250734777,Vadmium,1795763,3,34521012,2015-10-09T00:25:08Z
253524040,talikarng,552076,1,19636074,2013-12-25T22:05:32Z
254068036,talikarng,552076,1,19688507,2013-12-28T23:09:50Z
255624923,Vadmium,1795763,2,34031967,2015-09-15T01:07:20Z
256436009,philam48,2506908,2,47026737,2017-03-20T23:34:54Z
257570322,Canley,57437,1,20114827,2014-01-21T00:29:11Z
258075525,Josh Parris,1894085,1,20174133,2014-01-24T09:50:34Z
260213692,woowoowoo,4702,2,20404464,2014-02-06T00:22:54Z
260381296,mgeh,1819255,2,20539414,2014-02-13T11:26:51Z
260861843,Vadmium,1795763,1,20476504,2014-02-10T01:50:15Z
261332289,Canley,57437,1,20535253,2014-02-13T05:48:18Z
261629606,rjhunter,1895399,1,20569027,2014-02-15T01:09:04Z
261979195,Josh Parris,1894085,3,46263703,2017-02-21T05:34:21Z
262209748,matthewsheffield,347944,1,20636619,2014-02-18T13:33:34Z
262521490,Canley,57437,1,20673258,2014-02-20T11:38:10Z
263453942,stevage,201443,1,20784690,2014-02-26T06:43:50Z
264052684,Rudi Heitbaum,371324,1,20858623,2014-03-02T05:09:39Z
264998674,Vadmium,1795763,1,20981893,2014-03-08T05:09:05Z
265134489,TuanIfan,625303,2,24859501,2014-08-19T13:31:39Z
265330859,Josh Parris,1894085,1,21016005,2014-03-09T22:30:08Z
265910010,Leon K,46482,2,41212617,2016-08-03T11:47:31Z
267163533,stevage,201443,1,21185532,2014-03-19T02:49:34Z
267953848,Josh Parris,1894085,1,21240967,2014-03-22T10:40:10Z
268587594,Leon K,46482,1,21283416,2014-03-24T12:09:44Z
270512574,Canley,57437,1,21411492,2014-03-31T01:58:24Z
271677703,Vadmium,1795763,1,21488542,2014-04-04T05:39:27Z
272511229,Canley,57437,1,21543656,2014-04-07T02:02:48Z
272720896,stevage,201443,1,21563734,2014-04-08T03:37:28Z
273252372,Leon K,46482,2,25913573,2014-10-07T09:39:26Z
274203543,Canley,57437,1,21678395,2014-04-14T04:06:28Z
275177712,Leon K,46482,2,26134701,2014-10-17T00:17:48Z
276733627,AlexOnTheBus,79475,1,21906532,2014-04-24T12:33:56Z
276990006,om_henners,271781,1,21929142,2014-04-25T11:40:42Z
278225591,Canley,57437,1,22042889,2014-04-30T12:56:05Z
281016645,mstremeski,1239837,1,22270496,2014-05-11T13:03:08Z
284935991,Omegaville,416301,1,22611062,2014-05-29T02:52:49Z
286984316,MowgliB,4850298,3,45736178,2017-02-02T05:43:50Z
289999845,skipperoo,2056092,3,32520321,2015-07-09T14:24:33Z
290097401,Leon K,46482,2,28431934,2015-01-26T23:44:21Z
291028780,Leon K,46482,3,25665493,2014-09-25T13:46:15Z
291467108,Leon K,46482,2,36928747,2016-02-01T00:39:00Z
291716123,Leon K,46482,1,23997692,2014-07-07T06:36:07Z
293133729,rjhunter,1895399,1,24193310,2014-07-17T02:42:45Z
293487059,AlexOnTheBus,79475,1,24246692,2014-07-20T01:16:28Z
293946738,woowoowoo,4702,1,24305092,2014-07-23T05:40:34Z
293979169,Canley,57437,1,24309908,2014-07-23T11:52:41Z
294622408,Ewen Hill,935037,1,24378211,2014-07-27T06:04:39Z
296377647,Leon K,46482,2,28787617,2015-02-12T03:47:17Z
298138815,TuanIfan,625303,1,24788446,2014-08-16T14:44:40Z
299281008,TuanIfan,625303,1,24911615,2014-08-21T15:11:20Z
299788128,geesona,1229950,1,24970167,2014-08-24T06:31:55Z
300664695,TuanIfan,625303,1,25076875,2014-08-28T15:56:08Z
301784359,Ewen Hill,935037,2,26635827,2014-11-08T07:24:22Z
304077075,Leon K,46482,1,25539436,2014-09-19T11:10:40Z
305215631,Vadmium,1795763,1,25698692,2014-09-27T04:08:37Z
305931053,AlexOnTheBus,79475,2,27544285,2014-12-18T05:05:09Z
306474045,Leon K,46482,1,25888760,2014-10-06T04:26:57Z
306595153,Leon K,46482,1,25906908,2014-10-06T21:50:47Z
306604276,Trvlkvsk,4376241,2,41314283,2016-08-08T00:49:39Z
306630089,Leon K,46482,1,25910017,2014-10-07T03:41:28Z
306772961,Leon K,46482,1,25929188,2014-10-07T23:10:12Z
306784795,Leon K,46482,2,29563753,2015-03-18T11:16:58Z
306808369,Leon K,46482,1,25935684,2014-10-08T10:00:31Z
307086625,Leon K,46482,1,25972128,2014-10-09T23:02:47Z
307236499,Leon K,46482,1,25994854,2014-10-11T00:43:15Z
307832119,Little Brother,1694420,1,26087292,2014-10-15T05:48:23Z
308155043,Leon K,46482,2,31302641,2015-05-20T02:08:50Z
308366592,Ewen Hill,935037,1,26167152,2014-10-18T10:07:02Z
309155042,Vadmium,1795763,1,26269745,2014-10-23T03:08:36Z
309347498,Vadmium,1795763,1,26290723,2014-10-24T01:20:29Z
309838857,Leon K,46482,1,26352586,2014-10-26T23:09:38Z
310026922,ahopen,801720,1,26382294,2014-10-28T08:33:37Z
310455302,ahopen,801720,1,26452731,2014-10-31T01:52:55Z
310896262,Pizza1016,838520,2,37115794,2016-02-10T02:14:40Z
311268979,Rhubarb,69319,1,26572870,2014-11-05T15:19:24Z
311847072,sabamacx,5685243,2,49134273,2017-05-31T12:21:06Z
312190925,Hr T,2904405,4,40490048,2016-07-05T03:12:50Z
313488470,woowoowoo,4702,1,26875277,2014-11-18T22:15:02Z
314192767,Leon K,46482,1,26984135,2014-11-23T22:25:45Z
314806653,Vadmium,1795763,1,27081838,2014-11-28T04:19:08Z
315107050,Leon K,46482,2,29418090,2015-03-12T02:35:30Z
315396022,Leon K,46482,2,29418090,2015-03-12T02:33:36Z
315404854,Vadmium,1795763,1,27170236,2014-12-02T01:37:56Z
315698532,Vadmium,1795763,1,27216472,2014-12-04T01:33:11Z
316159155,Vadmium,1795763,1,27303729,2014-12-07T01:54:05Z
316855874,Leon K,46482,1,27408639,2014-12-11T20:14:41Z
317754076,AlexOnTheBus,79475,2,27544285,2014-12-18T05:07:59Z
319803031,Deborah Pickett,102893,1,27834396,2015-01-01T03:53:01Z
320880321,mrpulley,67896,4,34565947,2015-10-11T10:23:51Z
321362719,Leon K,46482,1,28049592,2015-01-10T20:42:44Z
321364476,Leon K,46482,1,28049592,2015-01-10T20:51:16Z
321367272,Leon K,46482,1,28050120,2015-01-10T21:12:31Z
321369690,Trvlkvsk,4376241,2,41337429,2016-08-09T04:56:07Z
321792706,Leon K,46482,1,28107609,2015-01-13T10:51:12Z
324626003,Vadmium,1795763,1,28434585,2015-01-27T04:20:45Z
325579461,Vadmium,1795763,1,28515547,2015-01-31T00:48:15Z
325579524,Vadmium,1795763,1,28515547,2015-01-31T00:48:18Z
326069182,Kartel 1978,5177498,2,46231728,2017-02-20T03:16:59Z
326843608,Vadmium,1795763,1,28665203,2015-02-07T01:18:31Z
327021595,Vadmium,1795763,1,28696188,2015-02-08T06:13:43Z
327029476,heyitsstevo,1899168,1,28697402,2015-02-08T08:14:18Z
327364204,heyitsstevo,1899168,1,28743997,2015-02-10T07:00:10Z
327709479,Vadmium,1795763,1,28787807,2015-02-12T04:07:23Z
327953179,matthewsheffield,347944,1,28818615,2015-02-13T11:42:29Z
329103850,Leon K,46482,1,28954049,2015-02-19T11:21:17Z
329802793,Vadmium,1795763,1,29037344,2015-02-23T06:51:50Z
329984370,Vadmium,1795763,1,29058170,2015-02-24T01:50:44Z
330164913,Vadmium,1795763,1,29082883,2015-02-25T01:09:24Z
330450688,Leon K,46482,1,29126167,2015-02-27T00:48:38Z
331451290,Vadmium,1795763,1,29278048,2015-03-05T22:10:04Z
331765085,maAjteGospodjoMolimVas,2669168,1,29320727,2015-03-08T01:53:15Z
331765141,maAjteGospodjoMolimVas,2669168,1,29320727,2015-03-08T01:53:19Z
331765201,maAjteGospodjoMolimVas,2669168,1,29320727,2015-03-08T01:53:24Z
331765263,maAjteGospodjoMolimVas,2669168,1,29320727,2015-03-08T01:53:27Z
331765326,maAjteGospodjoMolimVas,2669168,1,29320727,2015-03-08T01:53:30Z
332249708,Leon K,46482,1,29402636,2015-03-11T11:16:15Z
333179192,Leon K,46482,1,29530721,2015-03-17T00:20:38Z
333404378,Leon K,46482,1,29564839,2015-03-18T11:32:37Z
334797344,Canley,57437,1,29743176,2015-03-26T03:10:58Z
335140276,Leon K,46482,1,29795295,2015-03-27T23:46:30Z
338794422,Leon K,46482,1,30263004,2015-04-16T12:50:38Z
338795725,Leon K,46482,1,30263004,2015-04-16T12:59:43Z
340252183,NigelThornberry,2761746,1,30449551,2015-04-24T09:26:13Z
340546328,NigelThornberry,2761746,1,30489624,2015-04-26T03:00:37Z
340547775,NigelThornberry,2761746,1,30489870,2015-04-26T03:22:19Z
340548441,NigelThornberry,2761746,1,30489998,2015-04-26T03:36:24Z
340548925,NigelThornberry,2761746,1,30490048,2015-04-26T03:41:36Z
341125916,woowoowoo,4702,1,30570809,2015-04-28T06:34:26Z
345413071,Ewen Hill,935037,1,31192737,2015-05-16T04:00:54Z
346406643,Leon K,46482,1,31302798,2015-05-20T02:30:33Z
349760488,Ropino,42123,2,32660450,2015-07-15T19:38:47Z
354732098,AlexOnTheBus,79475,1,32065207,2015-06-19T04:23:59Z
357019921,tfdpny,3021651,1,32274681,2015-06-29T01:41:24Z
357943672,tfdpny,3021651,1,32343852,2015-07-01T23:46:24Z
358094008,tfdpny,3021651,1,32349986,2015-07-02T09:31:23Z
358149232,tfdpny,3021651,1,32351847,2015-07-02T11:14:08Z
362398900,Pizza1016,838520,7,40629698,2016-07-10T12:36:12Z
364274408,Vadmium,1795763,1,33145120,2015-08-06T04:10:27Z
366275006,Hr T,2904405,1,33409162,2015-08-18T08:45:14Z
368742610,Ewen Hill,935037,1,33747922,2015-09-02T10:18:55Z
369615757,Vadmium,1795763,1,33872343,2015-09-08T04:30:15Z
371316191,Hr T,2904405,2,40753331,2016-07-15T04:31:33Z
374511401,Vadmium,1795763,1,34521756,2015-10-09T02:52:44Z
374904185,Vadmium,1795763,1,34582394,2015-10-12T05:08:43Z
375382491,thibdrev,1279506,1,34653426,2015-10-15T12:22:41Z
376243931,tebs1200,2482752,1,34777155,2015-10-21T12:40:48Z
377679326,Ewen Hill,935037,1,34983542,2015-10-31T00:30:59Z
379690078,Canley,57437,1,35231303,2015-11-11T03:29:18Z
380688971,Omegaville,416301,1,35365562,2015-11-17T00:35:33Z
380917307,TheAverageNomad,3387325,1,35396047,2015-11-18T06:03:55Z
382366267,Leon K,46482,1,35542453,2015-11-24T01:33:06Z
383369410,Hairy Calf,3416834,1,35638882,2015-11-29T00:46:12Z
384119944,Canley,57437,1,35718080,2015-12-03T00:51:53Z
384934867,Canley,57437,1,35820685,2015-12-08T04:52:21Z
386450855,Kangri,3464754,1,36023839,2015-12-18T08:54:42Z
387448049,Leon K,46482,1,36137177,2015-12-24T00:35:13Z
389639480,Hairy Calf,3416834,1,36373456,2016-01-05T04:36:37Z
391307558,TuanIfan,625303,1,36562751,2016-01-14T01:47:25Z
391819094,Leon K,46482,1,36625353,2016-01-16T22:48:58Z
393558707,Pizza1016,838520,2,43940259,2016-11-25T09:39:31Z
394608308,matthewsheffield,347944,1,36878965,2016-01-29T13:09:28Z
398983207,Leon K,46482,1,37337018,2016-02-20T22:37:33Z
400376025,Vadmium,1795763,1,37476236,2016-02-27T07:25:24Z
403637591,Leon K,46482,1,37819650,2016-03-14T12:33:45Z
403795664,Pizza1016,838520,3,38442274,2016-04-10T04:02:09Z
404510584,Canley,57437,1,37931445,2016-03-19T03:21:14Z
406535470,krealm,3472625,5,45129892,2017-01-13T10:54:38Z
412414517,Ewen Hill,935037,1,38754723,2016-04-21T11:30:55Z
414590977,Pizza1016,838520,1,38996270,2016-04-30T10:03:47Z
419812029,Pizza1016,838520,2,42346945,2016-09-22T12:46:24Z
423989889,mgag,3679692,1,39921109,2016-06-10T03:02:30Z
426793306,Ewen Hill,935037,1,40232286,2016-06-23T12:58:25Z
429281471,Leon K,46482,1,40497949,2016-07-05T11:53:56Z
429281521,Leon K,46482,1,40497949,2016-07-05T11:53:58Z
431518129,Supt_of_Printing,206929,1,40796795,2016-07-17T12:02:41Z
432504721,Omegaville,416301,1,40939422,2016-07-22T00:33:27Z
435075712,Mr King,4326471,1,41157828,2016-08-01T01:59:22Z
435093903,YvesSaint,4329459,1,41159811,2016-08-01T06:09:12Z
435093960,YvesSaint,4329459,1,41159811,2016-08-01T06:09:14Z
435139820,Leon K,46482,1,41167840,2016-08-01T13:23:27Z
435146578,flyinguoguo,3723506,1,41169123,2016-08-01T14:18:41Z
435146641,flyinguoguo,3723506,1,41169123,2016-08-01T14:18:44Z
435221468,sophiehd,4330019,1,41180332,2016-08-02T00:23:03Z
435221518,sophiehd,4330019,1,41180332,2016-08-02T00:23:05Z
435227560,sophiehd,4330019,1,41181261,2016-08-02T01:42:50Z
435227621,sophiehd,4330019,1,41181261,2016-08-02T01:42:52Z
435317800,sophiehd,4330019,1,41193997,2016-08-02T14:48:28Z
435967775,Trvlkvsk,4376241,1,41288851,2016-08-06T14:55:17Z
436339679,Trvlkvsk,4376241,1,41337429,2016-08-09T04:56:06Z
437576430,Ewen Hill,935037,1,41511703,2016-08-17T12:52:07Z
439438857,SCE2AUX,4488975,1,41747345,2016-08-28T03:05:30Z
442634144,piligab,3877019,1,42181309,2016-09-15T17:53:04Z
444488701,woowoowoo,4702,1,42458892,2016-09-26T23:46:09Z
446510664,mgeh,1819255,1,42733156,2016-10-08T13:00:01Z
448062771,dnwilson,390361,1,42948500,2016-10-17T01:06:43Z
449290875,andytuna,8527,1,43146489,2016-10-25T01:26:06Z
450930886,Omegaville,416301,2,43369930,2016-11-03T04:49:49Z
455191527,MowgliB,4850298,1,43884881,2016-11-23T01:56:31Z
458389646,MowgliB,4850298,1,44247935,2016-12-08T01:01:24Z
459159493,Canley,57437,1,44343194,2016-12-12T11:27:41Z
463359503,woowoowoo,4702,1,44861026,2017-01-03T03:11:27Z
468620100,RonanOSM,2004220,1,45462040,2017-01-25T05:13:13Z
469278719,MowgliB,4850298,1,45538908,2017-01-27T02:23:31Z
471354241,MowgliB,4850298,1,45736178,2017-02-02T05:43:48Z
474104045,Mikideez,5302690,1,46012552,2017-02-12T06:35:46Z
474314376,Josh Parris,1894085,1,46037951,2017-02-13T08:34:08Z
474745861,Josh Parris,1894085,1,46097033,2017-02-15T06:38:17Z
475220214,Josh Parris,1894085,3,46155361,2017-02-17T07:10:44Z
476217031,Nearo,672542,1,46295452,2017-02-22T05:45:58Z
478465593,rolandmwagner,39288,1,46576175,2017-03-04T16:33:21Z
478465648,rolandmwagner,39288,1,46576175,2017-03-04T16:33:24Z
478542252,MowgliB,4850298,1,46588319,2017-03-05T06:27:51Z
478996338,ArizonaMapper,218114,1,46644636,2017-03-07T08:35:42Z
479723916,bendragon,5462242,2,46751206,2017-03-10T22:16:54Z
479838476,Mikideez,5302690,3,49556206,2017-06-15T10:59:57Z
479840931,elliot91,5466350,1,46757024,2017-03-11T08:12:33Z
480184556,Kenny Wang,5459943,3,46812626,2017-03-13T13:21:22Z
480193256,Kenny Wang,5459943,2,46812169,2017-03-13T13:03:46Z
480586179,rmikke,69607,2,46969107,2017-03-18T23:45:20Z
481145875,Mikideez,5302690,3,47644789,2017-04-11T03:51:56Z
481164315,Mikideez,5302690,1,46950225,2017-03-18T08:29:04Z
481300674,MowgliB,4850298,1,46970582,2017-03-19T02:05:18Z
481750649,Mikideez,5302690,1,47033239,2017-03-21T08:23:17Z
482383551,Mikideez,5302690,1,47114311,2017-03-24T04:46:19Z
482612276,Warin61,1830192,1,47145383,2017-03-25T10:39:21Z
482770939,Mikideez,5302690,1,47166172,2017-03-26T02:17:20Z
484854828,Miles Gough,4076616,1,47461825,2017-04-05T03:42:14Z
485036555,Miles Gough,4076616,1,47492842,2017-04-06T01:38:57Z
485470040,Mikideez,5302690,1,47561605,2017-04-08T08:20:35Z
485776229,Mikideez,5302690,1,47608423,2017-04-10T03:19:32Z
485819848,Mikideez,5302690,1,47614996,2017-04-10T08:47:14Z
485988182,Mikideez,5302690,1,47644503,2017-04-11T03:31:13Z
486477056,Mikideez,5302690,1,47726909,2017-04-13T00:41:15Z
486902705,Mikideez,5302690,1,47802426,2017-04-15T03:29:20Z
488156329,Omegaville,416301,1,47958400,2017-04-20T04:18:29Z
489016971,Mikideez,5302690,1,48082258,2017-04-24T07:44:59Z
489280766,Leon K,46482,1,48120533,2017-04-25T11:16:47Z
490219435,Leon K,46482,1,48242897,2017-04-29T00:09:51Z
493160059,Mikideez,5302690,1,48639794,2017-05-13T04:13:00Z
495675698,Leon K,46482,1,48945722,2017-05-24T12:04:41Z
496773274,wasgij,1379877,2,49158967,2017-06-01T09:22:54Z
497860954,Ewen Hill,935037,1,49218196,2017-06-03T11:27:34Z
497866012,Ewen Hill,935037,1,49218886,2017-06-03T12:07:43Z
498979125,Supt_of_Printing,206929,1,49353766,2017-06-08T04:08:21Z
499457956,Mikideez,5302690,1,49417004,2017-06-10T10:18:16Z
501415421,Mikideez,5302690,1,49637102,2017-06-18T15:03:44Z
503144058,Mikideez,5302690,1,49805261,2017-06-25T03:03:21Z
